Workbook
Name Slicer_ALAMAT: #N/A

Sheet DATA PENDUDUK
A1: DATA PENDUDUK KAMPUNG KADUN JAYA
A3: NO | B3: NO. KK | C3: NIK | D3: NAMA | E3: JENIS KELAMIN | F3: TEMPAT LAHIR | G3: TANGGAL LAHIR | H3: AGAMA | I3: PEKERJAAN | J3: STATUS DLM KELUARGA | K3: UMUR | L3: ALAMAT
A4: =IF(D4="","",ROW()-3) -> 1 | B4: 9109012701120047 | C4: 9109011907860010 | D4: ABRAHAM WEMAF | E4: LAKI-LAKI | F4: OHOINOL | G4: 31612 | H4: KATHOLIK | I4: WIRASWASTA | J4: KEPALA KELUARGA | K4: =DATEDIF('DATA PENDUDUK'!$G4,TODAY(),"Y")& " TAHUN" -> 39 TAHUN | L4: RT 01
A5: =IF(D5="","",ROW()-3) -> 2 | B5: 9109012701120047 | C5: 9109014808750011 | D5: PAULA SUSYANA | E5: PEREMPUAN | F5: BANYUWANGI | G5: 27614 | H5: KATHOLIK | I5: IRT | J5: ISTRI | K5: =DATEDIF('DATA PENDUDUK'!$G5,TODAY(),"Y")& " TAHUN" -> 49 TAHUN | L5: RT 01
A6: =IF(D6="","",ROW()-3) -> 3 | B6: 9109012701120047 | C6: 9109164711120001 | D6: DIAH AYU CANTIKA WEMAF | E6: PEREMPUAN | F6: TIMIKA | G6: 41220 | H6: KATHOLIK | I6: PELAJAR/MAHASISWA | J6: ANAK | K6: =DATEDIF('DATA PENDUDUK'!$G6,TODAY(),"Y")& " TAHUN" -> 12 TAHUN | L6: RT 01
A7: =IF(D7="","",ROW()-3) -> 4 | B7: 9109012701120047 | C7: 3510245010820001 | D7: MASRIYANI | E7: PEREMPUAN | F7: BANYUWANGI | G7: 30234 | H7: ISLAM | I7: PETANI | J7: FAMILI LAIN | K7: =DATEDIF('DATA PENDUDUK'!$G7,TODAY(),"Y")& " TAHUN" -> 42 TAHUN | L7: RT 01
A8: =IF(D8="","",ROW()-3) -> 5 | B8: 9109012701120047 | C8: 8102134809940001 | D8: KRESENSIA FABUMASE | E8: PEREMPUAN | F8: OHOINOL | G8: 34585 | H8: KATHOLIK | I8: BELUM/TIDAK BEKERJA | J8: FAMILI LAIN | K8: =DATEDIF('DATA PENDUDUK'!$G8,TODAY(),"Y")& " TAHUN" -> 30 TAHUN | L8: RT 01
A9: =IF(D9="","",ROW()-3) -> 6 | B9: 9109012701120047 | C9: 8102134307040001 | D9: FELOMENA MARSELINA WEMAF | E9: PEREMPUAN | F9: OHOINOL | G9: 38171 | H9: KATHOLIK | I9: BELUM/TIDAK BEKERJA | J9: FAMILI LAIN | K9: =DATEDIF('DATA PENDUDUK'!$G9,TODAY(),"Y")& " TAHUN" -> 21 TAHUN | L9: RT 01
A10: =IF(D10="","",ROW()-3) -> 7 | B10: 9109013110110049 | C10: 9109091804800004 | D10: MAS'UD | E10: LAKI-LAKI | F10: LAMONGAN | G10: 29329 | H10: ISLAM | I10: WIRASWASTA | J10: KEPALA KELUARGA | K10: =DATEDIF('DATA PENDUDUK'!$G10,TODAY(),"Y")& " TAHUN" -> 45 TAHUN | L10: RT 01
A11: =IF(D11="","",ROW()-3) -> 8 | B11: 9109013110110049 | C11: 3504115807990005 | D11: MIRA ROSA AMARINDA | E11: PEREMPUAN | F11: TULUNGAGUNG | G11: 36359 | H11: ISLAM | I11: PELAJAR/MAHASISWA | J11: FAMILI LAIN | K11: =DATEDIF('DATA PENDUDUK'!$G11,TODAY(),"Y")& " TAHUN" -> 26 TAHUN | L11: RT 01
A12: =IF(D12="","",ROW()-3) -> 9 | B12: 9404162305250007 | C12: 3524090111930002 | D12: HABIB RUSLI | E12: LAKI-LAKI | F12: LAMONGAN | G12: 34095 | H12: ISLAM | I12: WIRASWASTA | J12: KEPALA KELUARGA | K12: =DATEDIF('DATA PENDUDUK'!$G12,TODAY(),"Y")& " TAHUN" -> 32 TAHUN | L12: RT 01
A13: =IF(D13="","",ROW()-3) -> 10 | B13: 9404162305250007 | C13: 3524095009150002 | D13: ADEEVA MAHARA PUTRI KHABILA | E13: PEREMPUAN | F13: LAMONGAN | G13: 42257 | H13: ISLAM | I13: BELUM/TIDAK BEKERJA | J13: ANAK | K13: =DATEDIF('DATA PENDUDUK'!$G13,TODAY(),"Y")& " TAHUN" -> 9 TAHUN | L13: RT 01
A14: =IF(D14="","",ROW()-3) -> 11 | B14: 9404160809230002 | C14: 9109035509750001 | D14: HANA | E14: PEREMPUAN | F14: PURWODADI | G14: 27652 | H14: ISLAM | I14: WIRASWASTA | J14: KEPALA KELUARGA | K14: =DATEDIF('DATA PENDUDUK'!$G14,TODAY(),"Y")& " TAHUN" -> 49 TAHUN | L14: RT 01
A15: =IF(D15="","",ROW()-3) -> 12 | B15: 9404160809230002 | C15: 9109035808670002 | D15: KUSTINI | E15: PEREMPUAN | F15: SITUBONDO | G15: 32007 | H15: ISLAM | I15: WIRASWASTA | J15: FAMILI LAIN | K15: =DATEDIF('DATA PENDUDUK'!$G15,TODAY(),"Y")& " TAHUN" -> 37 TAHUN | L15: RT 01
... A1213: =IF(D1213="","",ROW()-3) -> 1210 | B1213: 9109162408210003 | C1213: 9108014401900007 | D1213: DEVI TRI SUSANTI | E1213: PEREMPUAN | F1213: LAMONGAN | G1213: 32877 | H1213: ISLAM | I1213: PERAWAT | J1213: FAMILI LAIN | K1213: =DATEDIF('DATA PENDUDUK'!$G1213,TODAY(),"Y")& " TAHUN" -> 35 TAHUN | L1213: RT 08
A1214: =IF(D1214="","",ROW()-3) -> 1211 | B1214: 9404162807230003 | C1214: 9104011705940007 | D1214: KAISANUS PIGAI | E1214: LAKI-LAKI | G1214: 34471 | H1214: KATHOLIK | I1214: TENTARA NASIONAL INDONESIA (TNI) | J1214: KEPALA KELUARGA | K1214: =DATEDIF('DATA PENDUDUK'!$G1214,TODAY(),"Y")& " TAHUN" -> 31 TAHUN | L1214: RT 08
A1215: =IF(D1215="","",ROW()-3) -> 1212 | B1215: 9404162807230003 | C1215: 9109015208970003 | D1215: AGUSTINA MAGAI | E1215: PEREMPUAN | F1215: TIMIKA | G1215: 35654 | H1215: KATHOLIK | I1215: BELUM/TIDAK BEKERJA | J1215: ISTRI | K1215: =DATEDIF('DATA PENDUDUK'!$G1215,TODAY(),"Y")& " TAHUN" -> 27 TAHUN | L1215: RT 08
A1216: =IF(D1216="","",ROW()-3) -> 1213 | B1216: 9404162807230003 | C1216: 9404161709230001 | D1216: JHON LUCKY PIGAI | E1216: LAKI-LAKI | F1216: TIMIKA | G1216: 45186 | H1216: KATHOLIK | I1216: BELUM/TIDAK BEKERJA | J1216: ANAK | K1216: =DATEDIF('DATA PENDUDUK'!$G1216,TODAY(),"Y")& " TAHUN" -> 1 TAHUN | L1216: RT 08
A1217: =IF(D1217="","",ROW()-3) -> 1214 | B1217: 9109030702130001 | C1217: 9109030202900001 | D1217: PUNGKI HARI PAMUNGKAS | E1217: LAKI-LAKI | F1217: JEMBER | G1217: 32906 | H1217: ISLAM | I1217: TENTARA NASIONAL INDONESIA (TNI) | J1217: KEPALA KELUARGA | K1217: =DATEDIF('DATA PENDUDUK'!$G1217,TODAY(),"Y")& " TAHUN" -> 35 TAHUN | L1217: RT 08
A1218: =IF(D1218="","",ROW()-3) -> 1215 | B1218: 9109030702130001 | C1218: 9109015610890002 | D1218: SITI NURJANAH | E1218: PEREMPUAN | F1218: PENAWANGAN GROBOGAN | G1218: 32795 | H1218: ISLAM | I1218: MENGURUS RUMAH TANGGA | J1218: ISTRI | K1218: =DATEDIF('DATA PENDUDUK'!$G1218,TODAY(),"Y")& " TAHUN" -> 35 TAHUN | L1218: RT 08
A1219: =IF(D1219="","",ROW()-3) -> 1216 | B1219: 9109030702130001 | C1219: 9109037101130001 | D1219: AZHAKIRA MUTIARA KIRANA | E1219: PEREMPUAN | F1219: TIMIKA | G1219: 41305 | H1219: ISLAM | I1219: PELAJAR/MAHASISWA | J1219: ANAK | K1219: =DATEDIF('DATA PENDUDUK'!$G1219,TODAY(),"Y")& " TAHUN" -> 12 TAHUN | L1219: RT 08
A1220: =IF(D1220="","",ROW()-3) -> 1217 | B1220: 9109030702130001 | C1220: 9109166910170001 | D1220: ADINDA TASYA PAMUNGKAS | E1220: PEREMPUAN | F1220: SIDOARJO | G1220: 43037 | H1220: ISLAM | I1220: BELUM/TIDAK BEKERJA | J1220: ANAK | K1220: =DATEDIF('DATA PENDUDUK'!$G1220,TODAY(),"Y")& " TAHUN" -> 7 TAHUN | L1220: RT 08
A1221: =IF(D1221="","",ROW()-3) -> 1218 | B1221: 9404160203230001 | C1221: 3524223004960003 | D1221: FAUZI KRISNAWAN HARTONO | E1221: LAKI-LAKI | F1221: MAKASAR | G1221: 35185 | H1221: ISLAM | I1221: TENTARA NASIONAL INDONESIA (TNI) | J1221: KEPALA KELUARGA | K1221: =DATEDIF('DATA PENDUDUK'!$G1221,TODAY(),"Y")& " TAHUN" -> 29 TAHUN | L1221: RT 08
A1222: =IF(D1222="","",ROW()-3) -> 1219 | B1222: 9404160203230001 | C1222: 3524174203950001 | D1222: GLADIS VELLA NOVIYANTI | E1222: PEREMPUAN | F1222: LAMONGAN | G1222: 34778 | H1222: ISLAM | I1222: BELUM/TIDAK BEKERJA | J1222: ISTRI | K1222: =DATEDIF('DATA PENDUDUK'!$G1222,TODAY(),"Y")& " TAHUN" -> 30 TAHUN | L1222: RT 08
A1223: =IF(D1223="","",ROW()-3) -> 1220 | B1223: 9109162010160011 | C1223: 7308221612920002 | D1223: YUSWANDI | E1223: LAKI-LAKI | F1223: WATAMPONE | G1223: 33954 | H1223: ISLAM | I1223: TENTARA NASIONAL INDONESIA (TNI) | J1223: KEPALA KELUARGA | K1223: =DATEDIF('DATA PENDUDUK'!$G1223,TODAY(),"Y")& " TAHUN" -> 32 TAHUN | L1223: RT 08
A1224: =IF(D1224="","",ROW()-3) -> 1221 | B1224: 9109162010160011 | C1224: 9109015708000012 | D1224: PUTRI MILANI SYAM BOKKO | E1224: PEREMPUAN | F1224: BOMBONAWULU | G1224: 36877 | H1224: ISLAM | I1224: MENGURUS RUMAH TANGGA | J1224: ISTRI | K1224: =DATEDIF('DATA PENDUDUK'!$G1224,TODAY(),"Y")& " TAHUN" -> 24 TAHUN | L1224: RT 08
A1225: =IF(D1225="","",ROW()-3) -> 1222 | B1225: 9109162010160011 | C1225: 9109162903220001 | D1225: ARGANTARA MARENDRA PERKASA | E1225: LAKI-LAKI | F1225: TIMIKA | G1225: 44649 | H1225: ISLAM | I1225: BELUM/TIDAK BEKERJA | J1225: ANAK | K1225: =DATEDIF('DATA PENDUDUK'!$G1225,TODAY(),"Y")& " TAHUN" -> 3 TAHUN | L1225: RT 08
A1226: =IF(D1226="","",ROW()-3) -> 1223 | B1226: 9109162010160011 | C1226: 9404164507230001 | D1226: ARSYILA SAVINA PUTRI | E1226: PEREMPUAN | F1226: TIMIKA | G1226: 45112 | H1226: ISLAM | I1226: BELUM/TIDAK BEKERJA | J1226: ANAK | K1226: =DATEDIF('DATA PENDUDUK'!$G1226,TODAY(),"Y")& " TAHUN" -> 2 TAHUN | L1226: RT 08
... A1235: =IF(D1235="","",ROW()-3) -> 1232 | B1235: 9109162103190015 | C1235: 5206153003920001 | D1235: SURAIDIN | E1235: LAKI-LAKI | F1235: GOWA | G1235: 33693 | H1235: ISLAM | I1235: TENTARA NASIONAL INDONESIA (TNI) | J1235: KEPALA KELUARGA | K1235: =DATEDIF('DATA PENDUDUK'!$G1235,TODAY(),"Y")& " TAHUN" -> 33 TAHUN | L1235: RT 08
A1236: =IF(D1236="","",ROW()-3) -> 1233 | B1236: 9109162103190015 | C1236: 5315054308820003 | D1236: ENDANG MAWARTI | E1236: PEREMPUAN | G1236: 30166 | H1236: ISLAM | I1236: MENGURUS RUMAH TANGGA | J1236: ISTRI | K1236: =DATEDIF('DATA PENDUDUK'!$G1236,TODAY(),"Y")& " TAHUN" -> 42 TAHUN | L1236: RT 08
A1237: =IF(D1237="","",ROW()-3) -> 1234 | B1237: 9109162103190015 | C1237: 5206122212040001 | D1237: RIZAL AF JANUR RAHMAN | E1237: LAKI-LAKI | G1237: 38039 | H1237: ISLAM | I1237: BELUM/TIDAK BEKERJA | J1237: FAMILI LAIN | K1237: =DATEDIF('DATA PENDUDUK'!$G1237,TODAY(),"Y")& " TAHUN" -> 21 TAHUN | L1237: RT 08
A1238: =IF(D1238="","",ROW()-3) -> 1235 | B1238: 9109032307180001 | C1238: 8203052602880001 | D1238: SELVIANUS SUBANG | E1238: LAKI-LAKI | F1238: TOBELO | G1238: 32199 | H1238: KATHOLIK | I1238: TENTARA NASIONAL INDONESIA (TNI) | J1238: KEPALA KELUARGA | K1238: =DATEDIF('DATA PENDUDUK'!$G1238,TODAY(),"Y")& " TAHUN" -> 37 TAHUN | L1238: RT 08
A1239: =IF(D1239="","",ROW()-3) -> 1236 | B1239: 9109032307180001 | C1239: 8207045902850001 | D1239: YOHANA LISNAWATI MEREK | E1239: PEREMPUAN | F1239: MOROTAI | G1239: 31097 | H1239: KATHOLIK | I1239: PEGAWAI NEGERI SIPIL (PNS) | J1239: ISTRI | K1239: =DATEDIF('DATA PENDUDUK'!$G1239,TODAY(),"Y")& " TAHUN" -> 40 TAHUN | L1239: RT 08
A1240: =IF(D1240="","",ROW()-3) -> 1237 | B1240: 9109032307180001 | C1240: 8203057107130001 | D1240: ASTHY JELOVESYA SUBANG | E1240: PEREMPUAN | F1240: TOBELO | G1240: 41486 | H1240: KATHOLIK | I1240: BELUM/TIDAK BEKERJA | J1240: ANAK | K1240: =DATEDIF('DATA PENDUDUK'!$G1240,TODAY(),"Y")& " TAHUN" -> 11 TAHUN | L1240: RT 08
A1241: =IF(D1241="","",ROW()-3) -> 1238 | B1241: 9109032307180001 | C1241: 9109031901170002 | D1241: JUAN ORGILIVE SUBANG | E1241: LAKI-LAKI | F1241: TIMIKA | G1241: 42754 | H1241: KATHOLIK | I1241: BELUMTIDAK BEKERJA | J1241: ANAK | K1241: =DATEDIF('DATA PENDUDUK'!$G1241,TODAY(),"Y")& " TAHUN" -> 8 TAHUN | L1241: RT 08
A1242: =IF(D1242="","",ROW()-3) -> 1239 | B1242: 9109032307180001 | C1242: 9404031905230001 | D1242: CRISPINUS CANELO MILES SUBANG | E1242: LAKI-LAKI | F1242: TOBELO | G1242: 45065 | H1242: KATHOLIK | I1242: BELUMTIDAK BEKERJA | J1242: ANAK | K1242: =DATEDIF('DATA PENDUDUK'!$G1242,TODAY(),"Y")& " TAHUN" -> 2 TAHUN | L1242: RT 08
A1243: =IF(D1243="","",ROW()-3) -> 1240 | B1243: 9404161204230003 | C1243: 1219031001960008 | D1243: RIZKY AWALDI SIBURIAN | E1243: LAKI-LAKI | F1243: TANAH TINGGI | G1243: 35074 | H1243: KRISTEN | I1243: TENTARA NASIONAL INDONESIA (TNI) | J1243: KEPALA KELUARGA | K1243: =DATEDIF('DATA PENDUDUK'!$G1243,TODAY(),"Y")& " TAHUN" -> 29 TAHUN | L1243: RT 08
A1244: =IF(D1244="","",ROW()-3) -> 1241 | B1244: 9404161204230003 | C1244: 1272055705950004 | D1244: AGUSTINA MEGAWATY PASARIBU | E1244: PEREMPUAN | G1244: 34846 | H1244: KRISTEN | I1244: BIDAN | J1244: ISTRI | K1244: =DATEDIF('DATA PENDUDUK'!$G1244,TODAY(),"Y")& " TAHUN" -> 30 TAHUN | L1244: RT 08
A1245: =IF(D1245="","",ROW()-3) -> 1242 | B1245: 9109032907190002 | C1245: 1102052106970001 | D1245: DANIEL MARBUN | E1245: LAKI-LAKI | F1245: PARDAMEAN | G1245: 35602 | H1245: KRISTEN | I1245: TENTARA NASIONAL INDONESIA (TNI) | J1245: KEPALA KELUARGA | K1245: =DATEDIF('DATA PENDUDUK'!$G1245,TODAY(),"Y")& " TAHUN" -> 28 TAHUN | L1245: RT 08
A1246: =IF(D1246="","",ROW()-3) -> 1243 | B1246: 9109032907190002 | C1246: 9109016508940001 | D1246: DENNY RISTA NOVITA SILITONGA | E1246: PEREMPUAN | F1246: SURABAYA | G1246: 34571 | H1246: KRISTEN | J1246: ISTRI | K1246: =DATEDIF('DATA PENDUDUK'!$G1246,TODAY(),"Y")& " TAHUN" -> 30 TAHUN | L1246: RT 08
A1247: =IF(D1247="","",ROW()-3) -> 1244 | B1247: 9109032907190002 | C1247: 9109035501230001 | D1247: DANIELLA ZEFANYA AMORRA MARBUN | E1247: PEREMPUAN | F1247: TIMIKA | G1247: 44941 | H1247: KRISTEN | I1247: BELUM/TIDAK BEKERJA | J1247: ANAK | K1247: =DATEDIF('DATA PENDUDUK'!$G1247,TODAY(),"Y")& " TAHUN" -> 2 TAHUN | L1247: RT 08
A1248: =IF(D1248="","",ROW()-3) -> 1245 | B1248: 9404160203230001 | C1248: 3524223004960003 | D1248: FAUZI KRISNAWAN HARTONO | E1248: LAKI-LAKI | F1248: MAKASSAR | G1248: 35185 | H1248: ISLAM | I1248: TENTARA NASIONAL INDONESIA (TNI) | J1248: KEPALA KELUARGA | K1248: =DATEDIF('DATA PENDUDUK'!$G1248,TODAY(),"Y")& " TAHUN" -> 29 TAHUN | L1248: RT 08
A1249: =IF(D1249="","",ROW()-3) -> 1246 | B1249: 9404160203230001 | C1249: 3524174203950001 | D1249: GLADIS VELLA NOVTYANTI | E1249: PEREMPUAN | F1249: LAMONGAN | G1249: 34778 | H1249: ISLAM | I1249: BELUM/TIDAK BEKERJA | J1249: ISTRI | K1249: =DATEDIF('DATA PENDUDUK'!$G1249,TODAY(),"Y")& " TAHUN" -> 30 TAHUN | L1249: RT 08
A1250: =IF(D1250="","",ROW()-3) -> 1247 | B1250: 9109031210100002 | C1250: 9109032410860001 | D1250: ISWAN | E1250: LAKI-LAKI | F1250: DORIDUNGGA | G1250: 31709 | H1250: ISLAM | I1250: TENTARA NASIONAL INDONESIA (TNI) | J1250: KEPALA KELUARGA | K1250: =DATEDIF('DATA PENDUDUK'!$G1250,TODAY(),"Y")& " TAHUN" -> 38 TAHUN | L1250: RT 08
A1251: =IF(D1251="","",ROW()-3) -> 1248 | B1251: 9109031210100002 | C1251: 9109015303870007 | D1251: SULIS TRI MULYANI | E1251: PEREMPUAN | F1251: KARANGANYAR | G1251: 31849 | H1251: ISLAM | I1251: PERAWAT | J1251: ISTRI | K1251: =DATEDIF('DATA PENDUDUK'!$G1251,TODAY(),"Y")& " TAHUN" -> 38 TAHUN | L1251: RT 08
A1252: =IF(D1252="","",ROW()-3) -> 1249 | B1252: 9109031210100002 | C1252: 9109034102130001 | D1252: SAFIRA NURUL KHOTIMAH | E1252: PEREMPUAN | F1252: TIMIKA | G1252: 41306 | H1252: ISLAM | I1252: BELUM/TIDAK BEKERJA | J1252: ANAK | K1252: =DATEDIF('DATA PENDUDUK'!$G1252,TODAY(),"Y")& " TAHUN" -> 12 TAHUN | L1252: RT 08
A1253: =IF(D1253="","",ROW()-3) -> 1250 | B1253: 9109031210100002 | C1253: 9109166312150001 | D1253: SYAUQINA AZZAHRA | E1253: PEREMPUAN | F1253: TIMIKA | G1253: 42361 | H1253: ISLAM | I1253: BELUM/TIDAK BEKERJA | J1253: ANAK | K1253: =DATEDIF('DATA PENDUDUK'!$G1253,TODAY(),"Y")& " TAHUN" -> 9 TAHUN | L1253: RT 08
A1254: =IF(D1254="","",ROW()-3) -> 1251 | B1254: 9404160108230008 | C1254: 9206010208950001 | D1254: ARDI | E1254: LAKI-LAKI | F1254: BINTUNI | G1254: 34913 | H1254: ISLAM | I1254: TENTARA NASIONAL INDONESIA (TNI) | J1254: KEPALA KELUARGA | K1254: =DATEDIF('DATA PENDUDUK'!$G1254,TODAY(),"Y")& " TAHUN" -> 29 TAHUN | L1254: RT 08
A1255: =IF(D1255="","",ROW()-3) -> 1252 | B1255: 9404160108230008 | C1255: 9206014403972001 | D1255: NUR ASRI CHAERUNNISA | E1255: PEREMPUAN | F1255: SORONG | G1255: 35493 | H1255: ISLAM | I1255: MENGURUS RUMAH TANGGA | J1255: ISTRI | K1255: =DATEDIF('DATA PENDUDUK'!$G1255,TODAY(),"Y")& " TAHUN" -> 28 TAHUN | L1255: RT 08
A1256: =IF(D1256="","",ROW()-3) -> 1253 | B1256: 9404161309230003 | C1256: 5205061510960002 | D1256: HERI HARYANTO | E1256: LAKI-LAKI | F1256: DOMPU | G1256: 35353 | H1256: ISLAM | I1256: TENTARA NASIONAL INDONESIA (TNI) | J1256: KEPALA KELUARGA | K1256: =DATEDIF('DATA PENDUDUK'!$G1256,TODAY(),"Y")& " TAHUN" -> 28 TAHUN | L1256: RT 08
A1257: =IF(D1257="","",ROW()-3) -> 1254 | B1257: 9404161309230003 | C1257: 7304064108000002 | D1257: AGUSTINA | E1257: PEREMPUAN | F1257: BUNGUNG BARANA | G1257: 36739 | H1257: ISLAM | I1257: MENGURUS RUMAH TANGGA | J1257: ISTRI | K1257: =DATEDIF('DATA PENDUDUK'!$G1257,TODAY(),"Y")& " TAHUN" -> 24 TAHUN | L1257: RT 08
A1258: =IF(D1258="","",ROW()-3) -> 1255 | B1258: 9109160901190006 | C1258: 3578042701920006 | D1258: ARI MURSITO | E1258: LAKI-LAKI | F1258: BANTUL | G1258: 33630 | H1258: ISLAM | I1258: TENTARA NASIONAL INDONESIA (TNI) | J1258: KEPALA KELUARGA | K1258: =DATEDIF('DATA PENDUDUK'!$G1258,TODAY(),"Y")& " TAHUN" -> 33 TAHUN | L1258: RT 08
... A1333: =IF(D1333="","",ROW()-3) -> 1330 | B1333: 9109162910210003 | C1333: 9109016111940002 | D1333: VENDA CLAUDIA WUARLELA | E1333: PEREMPUAN | F1333: TIMIKA | G1333: 34659 | H1333: KRISTEN | I1333: MENGURUS RUMAH TANGGA | J1333: ISTRI | K1333: =DATEDIF('DATA PENDUDUK'!$G1333,TODAY(),"Y")& " TAHUN" -> 30 TAHUN | L1333: RT 08
A1334: =IF(D1334="","",ROW()-3) | B1334: 9109162910210003 | C1334: 9109166007220002 | E1334: PEREMPUAN | F1334: TIMIKA | G1334: 44762 | H1334: KRISTEN | I1334: BELUM/TIDAK BEKERJA | J1334: ANAK | K1334: =DATEDIF('DATA PENDUDUK'!$G1334,TODAY(),"Y")& " TAHUN" -> 3 TAHUN | L1334: RT 08
A1335: =IF(D1335="","",ROW()-3) -> 1332 | B1335: 9109160610210006 | C1335: 3527022705930002 | D1335: MOHAMMAD ARKOM | E1335: LAKI-LAKI | F1335: SAMPANG | G1335: 34116 | H1335: ISLAM | I1335: TENTARA NASIONAL INDONESIA (TNI) | J1335: KEPALA KELUARGA | K1335: =DATEDIF('DATA PENDUDUK'!$G1335,TODAY(),"Y")& " TAHUN" -> 32 TAHUN | L1335: RT 08
A1336: =IF(D1336="","",ROW()-3) -> 1333 | B1336: 9109160610210006 | C1336: 3515026508940004 | D1336: MEGA LESTARI | E1336: PEREMPUAN | F1336: SIDOARJO | G1336: 34571 | H1336: ISLAM | I1336: MENGURUS RUMAN TANGGA | J1336: ISTRI | K1336: =DATEDIF('DATA PENDUDUK'!$G1336,TODAY(),"Y")& " TAHUN" -> 30 TAHUN | L1336: RT 08
A1337: =IF(D1337="","",ROW()-3) -> 1334 | B1337: 9109160610210006 | C1337: 9109161009220001 | D1337: GUSTI MADA | E1337: LAKI-LAKI | F1337: SAMPANG | G1337: 44814 | H1337: ISLAM | I1337: BELUM/TIDAK BEKERJA | J1337: ANAK | K1337: =DATEDIF('DATA PENDUDUK'!$G1337,TODAY(),"Y")& " TAHUN" -> 2 TAHUN | L1337: RT 08
A1338: =IF(D1338="","",ROW()-3) -> 1335 | B1338: 9109162202180007 | C1338: 9103011404900002 | D1338: ROMAN JAYA PRAYITNO | E1338: LAKI-LAKI | F1338: SENTANI | G1338: 32977 | H1338: ISLAM | I1338: TENTARA NASIONAL INDONESIA(TNI) | J1338: KEPALA KELUARGA | K1338: =DATEDIF('DATA PENDUDUK'!$G1338,TODAY(),"Y")& " TAHUN" -> 35 TAHUN | L1338: RT 08
A1339: =IF(D1339="","",ROW()-3) -> 1336 | B1339: 9109162202180007 | C1339: 3201347008970004 | D1339: YUSNIA | E1339: PEREMPUAN | F1339: BOGOR | G1339: 35672 | H1339: ISLAM | I1339: MENGURUS RUMAH TANGGA | J1339: ISTRI | K1339: =DATEDIF('DATA PENDUDUK'!$G1339,TODAY(),"Y")& " TAHUN" -> 27 TAHUN | L1339: RT 08
A1340: =IF(D1340="","",ROW()-3) -> 1337 | B1340: 9109162202180007 | C1340: 9109161605180003 | D1340: HANIF ALFARIZI RAMADHAN | E1340: LAKI-LAKI | F1340: TIMIKA | G1340: 43233 | H1340: ISLAM | I1340: BELUM/TIDAK BEKERJA | J1340: ANAK | K1340: =DATEDIF('DATA PENDUDUK'!$G1340,TODAY(),"Y")& " TAHUN" -> 7 TAHUN | L1340: RT 08
A1341: =IF(D1341="","",ROW()-3) -> 1338 | B1341: 9109162202180007 | C1341: 9109164505210002 | D1341: ARISHA KIRANA RAMADHANI | E1341: PEREMPUAN | F1341: TIMIKA | G1341: 44321 | H1341: ISLAM | I1341: BELUM/TIDAK BEKERJA | J1341: ANAK | K1341: =DATEDIF('DATA PENDUDUK'!$G1341,TODAY(),"Y")& " TAHUN" -> 4 TAHUN | L1341: RT 08
A1342: =IF(D1342="","",ROW()-3) -> 1339 | B1342: 9109160203180009 | C1342: 7311061506760003 | D1342: UDIN | E1342: LAKI-LAKI | F1342: LAPPA BILA | G1342: 27926 | H1342: ISLAM | I1342: PETANI/PEKEBUN | J1342: KEPALA KELUARGA | K1342: =DATEDIF('DATA PENDUDUK'!$G1342,TODAY(),"Y")& " TAHUN" -> 49 TAHUN | L1342: RT 08
A1343: =IF(D1343="","",ROW()-3) -> 1340 | B1343: 9109160203180009 | C1343: 7311066007820001 | D1343: NURLINA | E1343: PEREMPUAN | F1343: BETTE | G1343: 30152 | H1343: ISLAM | I1343: MENGURUS RUMAH TANGGA | J1343: ISTRI | K1343: =DATEDIF('DATA PENDUDUK'!$G1343,TODAY(),"Y")& " TAHUN" -> 43 TAHUN | L1343: RT 08
A1344: =IF(D1344="","",ROW()-3) -> 1341 | B1344: 9109160203180009 | C1344: 9109160512030001 | D1344: WAHYU | E1344: LAKI-LAKI | F1344: TIMIKA | G1344: 37960 | H1344: ISLAM | I1344: PELAJAR/MAHASISWA | J1344: ANAK | K1344: =DATEDIF('DATA PENDUDUK'!$G1344,TODAY(),"Y")& " TAHUN" -> 21 TAHUN | L1344: RT 08
A1345: =IF(D1345="","",ROW()-3) -> 1342 | B1345: 9109160203180009 | C1345: 9109160207120002 | D1345: MUHAMMAD SAIFUL | E1345: LAKI-LAKI | F1345: TIMIKA | G1345: 41092 | H1345: ISLAM | I1345: BELUM/TIDAK BEKERJA | J1345: ANAK | K1345: =DATEDIF('DATA PENDUDUK'!$G1345,TODAY(),"Y")& " TAHUN" -> 13 TAHUN | L1345: RT 08
A1346: =IF(D1346="","",ROW()-3) -> 1343 | B1346: 7308063005180001 | C1346: 7308060705796501 | D1346: JUMARKA | E1346: LAKI-LAKI | F1346: BETTE | G1346: 28982 | H1346: ISLAM | I1346: WIRASWASTA | J1346: KEPALA KELUARGA | K1346: =DATEDIF('DATA PENDUDUK'!$G1346,TODAY(),"Y")& " TAHUN" -> 46 TAHUN | L1346: RT 08
... A1362: =IF(D1362="","",ROW()-3) -> 1359 | B1362: 9109032204130002 | C1362: 9109031604130001 | D1362: NAUFAL ZAKA ADNAN GHOFUR | E1362: LAKI-LAKI | F1362: TIMIKA | G1362: 41380 | H1362: ISLAM | I1362: BELUM/TIDAK BEKERJA | J1362: ANAK | K1362: =DATEDIF('DATA PENDUDUK'!$G1362,TODAY(),"Y")& " TAHUN" -> 12 TAHUN | L1362: RT 08
A1363: =IF(D1363="","",ROW()-3) -> 1360 | B1363: 9404011602230004 | C1363: 9171030711920002 | D1363: SEVERIANUS. H.N. HANASBEY | E1363: LAKI-LAKI | G1363: 17113 | H1363: KRISTEN | I1363: TENTARA NASIONAL INDONESIA (TNI) | J1363: KEPALA KELUARGA | K1363: =DATEDIF('DATA PENDUDUK'!$G1363,TODAY(),"Y")& " TAHUN" -> 78 TAHUN | L1363: RT 08
A1364: =IF(D1364="","",ROW()-3) -> 1361 | B1364: 9404011602230004 | C1364: 6102015309940005 | D1364: THERESIA TIRSA FANGOHOI | E1364: PEREMPUAN | G1364: 34590 | H1364: KATHOLIK | I1364: BELUM/TIDAK BEKERJA | J1364: ISTRI | K1364: =DATEDIF('DATA PENDUDUK'!$G1364,TODAY(),"Y")& " TAHUN" -> 30 TAHUN | L1364: RT 08
A1365: =IF(D1365="","",ROW()-3) -> 1362 | B1365: 9404011602230004 | C1365: 9404012610210001 | D1365: GEFAHIEL JOROAN CERLIO HANASBEY | E1365: LAKI-LAKI | F1365: TIMIKA | G1365: 44489 | H1365: KRISTEN | I1365: BELUM/TIDAK BEKERJA | J1365: ANAK | K1365: =DATEDIF('DATA PENDUDUK'!$G1365,TODAY(),"Y")& " TAHUN" -> 3 TAHUN | L1365: RT 08
A1366: =IF(D1366="","",ROW()-3) -> 1363 | B1366: 3576033105220001 | C1366: 3516100307960003 | D1366: RESI VEGA DWI SETIABUDI | E1366: LAKI-LAKI | F1366: MOJOKERTO | G1366: 35249 | H1366: ISLAM | I1366: TENTARA NASIONAL INDONESIA (TNI) | J1366: KEPALA KELUARGA | K1366: =DATEDIF('DATA PENDUDUK'!$G1366,TODAY(),"Y")& " TAHUN" -> 29 TAHUN | L1366: RT 08
A1367: =IF(D1367="","",ROW()-3) -> 1364 | B1367: 3576033105220001 | C1367: 3576026206960007 | D1367: YUNIDAR AYU PRATAMA | E1367: PEREMPUAN | F1367: MOJOKERTO | G1367: 35238 | H1367: ISLAM | I1367: PEGAWAI NEGERI SIPIL (PNS) | J1367: ISTRI | K1367: =DATEDIF('DATA PENDUDUK'!$G1367,TODAY(),"Y")& " TAHUN" -> 29 TAHUN | L1367: RT 08
A1368: =IF(D1368="","",ROW()-3) -> 1365 | B1368: 3576033105220001 | C1368: 3576034511230002 | D1368: MAZEA YUMNA REVANY | E1368: PEREMPUAN | F1368: MOJOKERTO | G1368: 45235 | H1368: ISLAM | I1368: BELUM/TIDAK BEKERJA | J1368: ANAK | K1368: =DATEDIF('DATA PENDUDUK'!$G1368,TODAY(),"Y")& " TAHUN" -> 1 TAHUN | L1368: RT 08
A1369: =IF(D1369="","",ROW()-3) -> 1366 | B1369: 9109092406210005 | C1369: 3206040108970003 | D1369: AGUS ABDUL ZAMIL | E1369: LAKI-LAKI | F1369: TASIKMALAYA | G1369: 35643 | H1369: ISLAM | I1369: TENTARA NASIONAL INDONESIA (TNI) | J1369: KEPALA KELUARGA | K1369: =DATEDIF('DATA PENDUDUK'!$G1369,TODAY(),"Y")& " TAHUN" -> 27 TAHUN | L1369: RT 08
A1370: =IF(D1370="","",ROW()-3) -> 1367 | B1370: 9109092406210005 | C1370: 3206054608970005 | D1370: EVI VITRIANI | E1370: PEREMPUAN | F1370: BANDUNG | G1370: 35648 | H1370: ISLAM | I1370: MENGURUS RUMAH TANGGA | J1370: ISTRI | K1370: =DATEDIF('DATA PENDUDUK'!$G1370,TODAY(),"Y")& " TAHUN" -> 27 TAHUN | L1370: RT 08
A1371: =IF(D1371="","",ROW()-3) -> 1368 | B1371: 9109092406210005 | C1371: 3206050405220001 | D1371: ARKHAN WIRATAMA ADHAN PUTRA | E1371: LAKI-LAKI | F1371: TASIKMALAYA | G1371: 44685 | H1371: ISLAM | I1371: BELUM/TIDAK BEKERJA | J1371: ANAK | K1371: =DATEDIF('DATA PENDUDUK'!$G1371,TODAY(),"Y")& " TAHUN" -> 3 TAHUN | L1371: RT 08
A1372: =IF(D1372="","",ROW()-3) -> 1369 | B1372: 9109012103110107 | C1372: 9109010504870004 | D1372: TASRIN | E1372: LAKI-LAKI | F1372: DONGKALA | G1372: 31872 | H1372: ISLAM | I1372: TENTARA NASIONAL INDONESIA (TNI) | J1372: KEPALA KELUARGA | K1372: =DATEDIF('DATA PENDUDUK'!$G1372,TODAY(),"Y")& " TAHUN" -> 38 TAHUN | L1372: RT 08
A1373: =IF(D1373="","",ROW()-3) -> 1370 | B1373: 9109012103110107 | C1373: 9109014303880014 | D1373: YUMIANA | E1373: PEREMPUAN | F1373: LABAHAWA | G1373: 32205 | H1373: ISLAM | I1373: BELUM/TIDAK BEKERJA | J1373: ISTRI | K1373: =DATEDIF('DATA PENDUDUK'!$G1373,TODAY(),"Y")& " TAHUN" -> 37 TAHUN | L1373: RT 08
A1374: =IF(D1374="","",ROW()-3) -> 1371 | B1374: 9109012103110107 | C1374: 9109014607110003 | D1374: GHINA ADIA NAURA | E1374: PEREMPUAN | F1374: TIMIKA | G1374: 40730 | H1374: ISLAM | I1374: BELUM/TIDAK BEKERJA | J1374: ANAK | K1374: =DATEDIF('DATA PENDUDUK'!$G1374,TODAY(),"Y")& " TAHUN" -> 14 TAHUN | L1374: RT 08
A1375: =IF(D1375="","",ROW()-3) -> 1372 | B1375: 9109012103110107 | C1375: 9109016805170004 | D1375: ARSY TSABITHA ALMEERA | E1375: PEREMPUAN | F1375: TIMIKA | G1375: 42883 | H1375: ISLAM | I1375: BELUM/TIDAK BEKERJA | J1375: ANAK | K1375: =DATEDIF('DATA PENDUDUK'!$G1375,TODAY(),"Y")& " TAHUN" -> 8 TAHUN | L1375: RT 08
A1376: =IF(D1376="","",ROW()-3) -> 1373 | B1376: 9109010512090021 | C1376: 9109010403740001 | D1376: ALIROSTAM | E1376: LAKI-LAKI | F1376: BARRU | G1376: 27092 | H1376: ISLAM | I1376: WIRASWASTA | J1376: KEPALA KELUARGA | K1376: =DATEDIF('DATA PENDUDUK'!$G1376,TODAY(),"Y")& " TAHUN" -> 51 TAHUN | L1376: RT 08
A1377: =IF(D1377="","",ROW()-3) -> 1374 | B1377: 9109010512090021 | C1377: 9109015202780001 | D1377: HASHAH | E1377: PEREMPUAN | F1377: BARRU | G1377: 28898 | H1377: SLAM | I1377: MENGURUS RUMAH TANGGA | J1377: ISTRI | K1377: =DATEDIF('DATA PENDUDUK'!$G1377,TODAY(),"Y")& " TAHUN" -> 46 TAHUN | L1377: RT 08
A1378: =IF(D1378="","",ROW()-3) -> 1375 | B1378: 9109010512090021 | C1378: 9109012106000003 | D1378: IMAN SUKISMANSYAH | E1378: LAKI-LAKI | G1378: 36637 | H1378: ISLAM | I1378: PELAJAR/MAHASISWA | J1378: ANAK | K1378: =DATEDIF('DATA PENDUDUK'!$G1378,TODAY(),"Y")& " TAHUN" -> 25 TAHUN | L1378: RT 08
A1379: =IF(D1379="","",ROW()-3) -> 1376 | B1379: 9109010512090021 | C1379: 9109013005030006 | D1379: IMAM ZAID AHMAD SANI | E1379: LAKI-LAKI | F1379: BALIKPAPAN | G1379: 37771 | H1379: ISLAM | I1379: PELAJAR/MAHASISWA | J1379: ANAK | K1379: =DATEDIF('DATA PENDUDUK'!$G1379,TODAY(),"Y")& " TAHUN" -> 22 TAHUN | L1379: RT 08
A1380: =IF(D1380="","",ROW()-3) -> 1377 | B1380: 9109010512090021 | C1380: 9109011309080004 | D1380: IMAM ZAKIR SAIDIL | E1380: LAKI-LAKI | F1380: TIMIKA | G1380: 39704 | H1380: 19LAM | I1380: PELAJAR/MAHASISWA | J1380: ANAK | K1380: =DATEDIF('DATA PENDUDUK'!$G1380,TODAY(),"Y")& " TAHUN" -> 16 TAHUN | L1380: RT 08
A1381: =IF(D1381="","",ROW()-3) -> 1378 | B1381: 9109010512090021 | C1381: 9109012309130004 | D1381: IMAM ZIKRA IMRAN SAID | E1381: LAKI-LAKI | F1381: TIMIKA | G1381: 41540 | H1381: ISLAM | I1381: BELUM/TIDAK BEKERJA | J1381: ANAK | K1381: =DATEDIF('DATA PENDUDUK'!$G1381,TODAY(),"Y")& " TAHUN" -> 11 TAHUN | L1381: RT 08
A1382: =IF(D1382="","",ROW()-3) -> 1379 | B1382: 9109010512090021 | C1382: 9109011806180002 | D1382: INIAM ZAKKY AMIL SYAM | E1382: LAKI-LAKI | F1382: TIMIKA | G1382: 43269 | H1382: ISLAM | I1382: BELUM/TIDAK BEKERJA | J1382: ANAK | K1382: =DATEDIF('DATA PENDUDUK'!$G1382,TODAY(),"Y")& " TAHUN" -> 7 TAHUN | L1382: RT 08
A1383: =IF(D1383="","",ROW()-3) -> 1380 | B1383: 9109090709210003 | C1383: 6473040707940001 | D1383: ARIF DWI PUTRA | E1383: LAKI-LAKI | F1383: TARAKAN | G1383: 34522 | H1383: ISLAM | I1383: TENTARA NASIONAL INDONESIA (TNI) | J1383: KEPALA KELUARGA | K1383: =DATEDIF('DATA PENDUDUK'!$G1383,TODAY(),"Y")& " TAHUN" -> 31 TAHUN | L1383: RT 08
A1384: =IF(D1384="","",ROW()-3) -> 1381 | B1384: 9109090709210003 | C1384: 9109014909930005 | D1384: SASMIKA ANWAR | E1384: PEREMPUAN | F1384: BARRU | G1384: 35408 | H1384: ISLAM | I1384: BELUM/TIDAK BEKERJA | J1384: ISTRI | K1384: =DATEDIF('DATA PENDUDUK'!$G1384,TODAY(),"Y")& " TAHUN" -> 28 TAHUN | L1384: RT 08
A1385: =IF(D1385="","",ROW()-3) -> 1382 | B1385: 9109090709210003 | C1385: 9109031709220001 | D1385: ARSHAKA SULTAN AL ANWAR | E1385: LAKI-LAKI | F1385: TIMIKA | G1385: 44821 | H1385: ISLAM | I1385: BELUM/TIDAK BEKERJA | J1385: ANAK | K1385: =DATEDIF('DATA PENDUDUK'!$G1385,TODAY(),"Y")& " TAHUN" -> 2 TAHUN | L1385: RT 08
A1386: =IF(D1386="","",ROW()-3) -> 1383 | B1386: 9109011111210012 | C1386: 9203061210920002 | D1386: RIZAL MAHMUD ONBAIR | E1386: LAKI-LAKI | F1386: FAK-FAK | G1386: 33889 | H1386: ISLAM | I1386: TENTARA NASIONAL INDONESIA (TNI) | J1386: KEPALA KELUARGA | K1386: =DATEDIF('DATA PENDUDUK'!$G1386,TODAY(),"Y")& " TAHUN" -> 32 TAHUN | L1386: RT 08
A1387: =IF(D1387="","",ROW()-3) -> 1384 | B1387: 9109011111210012 | C1387: 9109017112910004 | D1387: SITI MASITA ROA | E1387: PEREMPUAN | F1387: FAK-FAK | G1387: 33603 | H1387: ISLAM | I1387: KARYAWAN SWASTA | J1387: ISTRI | K1387: =DATEDIF('DATA PENDUDUK'!$G1387,TODAY(),"Y")& " TAHUN" -> 33 TAHUN | L1387: RT 08
A1388: =IF(D1388="","",ROW()-3) -> 1385 | B1388: 9109011111210012 | C1388: 9109010811180004 | D1388: MUHAMMAD AZZAM OMBAIR | E1388: LAKI-LAKI | F1388: TIMIKA | G1388: 42682 | H1388: ISLAM | I1388: BELUM/TIDAK BEKERJA | J1388: ANAK | K1388: =DATEDIF('DATA PENDUDUK'!$G1388,TODAY(),"Y")& " TAHUN" -> 8 TAHUN | L1388: RT 08
A1389: =IF(D1389="","",ROW()-3) -> 1386 | B1389: 9109011111210012 | C1389: 9203064904010001 | D1389: SITI HAPSA OMBAIR | E1389: PEREMPUAN | F1389: MALAKULI | G1389: 36990 | H1389: ISLAM | I1389: PELAJAR/MAHASISWA | J1389: FAMILI LAIN | K1389: =DATEDIF('DATA PENDUDUK'!$G1389,TODAY(),"Y")& " TAHUN" -> 24 TAHUN | L1389: RT 08
A1390: =IF(D1390="","",ROW()-3) -> 1387 | B1390: 9109011111210012 | C1390: 9203062210020002 | D1390: AHMAD FAUZAN OMBAIR | E1390: LAKI-LAKI | F1390: KARAS | G1390: 37551 | H1390: ISLAM | I1390: BELUM/TIDAK BEKERJA | J1390: FAMILI LAIN | K1390: =DATEDIF('DATA PENDUDUK'!$G1390,TODAY(),"Y")& " TAHUN" -> 22 TAHUN | L1390: RT 08
... A1479: =IF(D1479="","",ROW()-3) -> 1476 | B1479: 9109010611130037 | C1479: 7603072001030002 | D1479: TOFAN | E1479: LAKI-LAKI | F1479: SEPANG | G1479: 37641 | H1479: KRISTEN | I1479: BELUM/TIDAK BEKERJA | J1479: FAMILI LAIN | K1479: =DATEDIF('DATA PENDUDUK'!$G1479,TODAY(),"Y")& " TAHUN" -> 22 TAHUN | L1479: RT 09
A1480: =IF(D1480="","",ROW()-3) -> 1477 | B1480: 7304032102180006 | C1480: 7304033112850110 | D1480: MIRA NUR ILHAM | E1480: LAKI-LAKI | F1480: JENEPONTO | H1480: ISLAM | I1480: PETANI/PEKEBUN | J1480: KEPALA KELUARGA | K1480: =DATEDIF('DATA PENDUDUK'!$G1480,TODAY(),"Y")& " TAHUN" -> 125 TAHUN | L1480: RT 09
A1481: =IF(D1481="","",ROW()-3) -> 1478 | B1481: 7304032102180006 | C1481: 7304035301850003 | D1481: SURIYANI | E1481: PEREMPUAN | F1481: BONTO-BONTO | H1481: ISLAM | I1481: MENGURUS RUMAH TANGGA | J1481: ISTRI | K1481: =DATEDIF('DATA PENDUDUK'!$G1481,TODAY(),"Y")& " TAHUN" -> 125 TAHUN | L1481: RT 09
A1482: =IF(D1482="","",ROW()-3) -> 1479 | B1482: 7304032102180006 | C1482: 7304031305120001 | D1482: ARYA SAPUTRA | E1482: LAKI-LAKI | F1482: BONTO-BONTO | H1482: ISLAM | I1482: BELUM/TIDAK BEKERJA | J1482: ANAK | K1482: =DATEDIF('DATA PENDUDUK'!$G1482,TODAY(),"Y")& " TAHUN" -> 125 TAHUN | L1482: RT 09
A1483: =IF(D1483="","",ROW()-3) -> 1480 | B1483: 7304032102180006 | C1483: 7304032503180003 | D1483: MUH. NUR ADAM | E1483: LAKI-LAKI | F1483: JENEPONTO | H1483: ISLAM | I1483: BELUM/TIDAK BEKERJA | J1483: ANAK | K1483: =DATEDIF('DATA PENDUDUK'!$G1483,TODAY(),"Y")& " TAHUN" -> 125 TAHUN | L1483: RT 09
...
